Workbook

Sheet Stations by mode
A1: CDMX — Public transit stations per alcaldía per decade, by mode, 1860–2020
A2: Raw count of stations/stops within each alcaldía's CURRENT territorial boundary. See Methodology sheet for sources and caveats. Counts pre-1970 are reconstructed and approximate.
A4: Alcaldía | B4: Mode | C4: 1860 | D4: 1870 | E4: 1880 | F4: 1890 | G4: 1900 | H4: 1910 | I4: 1920 | J4: 1930 | K4: 1940 | L4: 1950 | M4: 1960 | N4: 1970 | O4: 1980 | P4: 1990 | Q4: 2000 | R4: 2010 | S4: 2020
A5: Álvaro Obregón | B5: Tram (mule) | C5: 0 | D5: 1 | E5: 1 | F5: 2 | G5: 0 | H5: 0 | I5: 0 | J5: 0 | K5: 0 | L5: 0 | M5: 0 | N5: 0 | O5: 0 | P5: 0 | Q5: 0 | R5: 0 | S5: 0
A6: Álvaro Obregón | B6: Tram (electric) | C6: 0 | D6: 0 | E6: 0 | F6: 0 | G6: 2 | H6: 6 | I6: 6 | J6: 7 | K6: 7 | L6: 6 | M6: 3 | N6: 0 | O6: 0 | P6: 0 | Q6: 0 | R6: 0 | S6: 0
A7: Álvaro Obregón | B7: Trolleybus | C7: 0 | D7: 0 | E7: 0 | F7: 0 | G7: 0 | H7: 0 | I7: 0 | J7: 0 | K7: 0 | L7: 1 | M7: 4 | N7: 7 | O7: 10 | P7: 8 | Q7: 6 | R7: 4 | S7: 6
A8: Álvaro Obregón | B8: Metro | C8: 0 | D8: 0 | E8: 0 | F8: 0 | G8: 0 | H8: 0 | I8: 0 | J8: 0 | K8: 0 | L8: 0 | M8: 0 | N8: 1 | O8: 2 | P8: 5 | Q8: 5 | R8: 5 | S8: 6
A9: Álvaro Obregón | B9: Tren Ligero | C9: 0 | D9: 0 | E9: 0 | F9: 0 | G9: 0 | H9: 0 | I9: 0 | J9: 0 | K9: 0 | L9: 0 | M9: 0 | N9: 0 | O9: 0 | P9: 0 | Q9: 0 | R9: 0 | S9: 0
A10: Álvaro Obregón | B10: Metrobús (BRT) | C10: 0 | D10: 0 | E10: 0 | F10: 0 | G10: 0 | H10: 0 | I10: 0 | J10: 0 | K10: 0 | L10: 0 | M10: 0 | N10: 0 | O10: 0 | P10: 0 | Q10: 0 | R10: 8 | S10: 14
A11: Álvaro Obregón | B11: Cablebús | C11: 0 | D11: 0 | E11: 0 | F11: 0 | G11: 0 | H11: 0 | I11: 0 | J11: 0 | K11: 0 | L11: 0 | M11: 0 | N11: 0 | O11: 0 | P11: 0 | Q11: 0 | R11: 0 | S11: 0
A13: Azcapotzalco | B13: Tram (mule) | C13: 0 | D13: 0 | E13: 1 | F13: 2 | G13: 0 | H13: 0 | I13: 0 | J13: 0 | K13: 0 | L13: 0 | M13: 0 | N13: 0 | O13: 0 | P13: 0 | Q13: 0 | R13: 0 | S13: 0
A14: Azcapotzalco | B14: Tram (electric) | C14: 0 | D14: 0 | E14: 0 | F14: 0 | G14: 3 | H14: 8 | I14: 8 | J14: 9 | K14: 9 | L14: 8 | M14: 3 | N14: 0 | O14: 0 | P14: 0 | Q14: 0 | R14: 0 | S14: 0
A15: Azcapotzalco | B15: Trolleybus | C15: 0 | D15: 0 | E15: 0 | F15: 0 | G15: 0 | H15: 0 | I15: 0 | J15: 0 | K15: 0 | L15: 2 | M15: 8 | N15: 12 | O15: 14 | P15: 10 | Q15: 8 | R15: 6 | S15: 8
A16: Azcapotzalco | B16: Metro | C16: 0 | D16: 0 | E16: 0 | F16: 0 | G16: 0 | H16: 0 | I16: 0 | J16: 0 | K16: 0 | L16: 0 | M16: 0 | N16: 0 | O16: 2 | P16: 6 | Q16: 6 | R16: 6 | S16: 6
... A131: Xochimilco | B131: Cablebús | C131: 0 | D131: 0 | E131: 0 | F131: 0 | G131: 0 | H131: 0 | I131: 0 | J131: 0 | K131: 0 | L131: 0 | M131: 0 | N131: 0 | O131: 0 | P131: 0 | Q131: 0 | R131: 0 | S131: 0

Sheet Station equivalents
A1: Weighted station-equivalents per alcaldía per decade
A2: Each mode is weighted by relative service quality (Metro=1.00, Tren Ligero=0.80, Metrobús=0.70, Cablebús=0.60, Electric tram=0.50, Mule tram=0.30, Trolleybus=0.30). Formula: sum across modes of count × weight. See Methodology for weight derivation.
A4: Alcaldía | B4: 1860 | C4: 1870 | D4: 1880 | E4: 1890 | F4: 1900 | G4: 1910 | H4: 1920 | I4: 1930 | J4: 1940 | K4: 1950 | L4: 1960 | M4: 1970 | N4: 1980 | O4: 1990 | P4: 2000 | Q4: 2010 | R4: 2020
A5: Álvaro Obregón | B5: 0 | C5: 0.3 | D5: 0.3 | E5: 0.6 | F5: 1 | G5: 3 | H5: 3 | I5: 3.5 | J5: 3.5 | K5: 3.3 | L5: 2.7 | M5: 3.1 | N5: 5 | O5: 7.4 | P5: 6.8 | Q5: 11.8 | R5: 17.6
A6: Azcapotzalco | B6: 0 | C6: 0 | D6: 0.3 | E6: 0.6 | F6: 1.5 | G6: 4 | H6: 4 | I6: 4.5 | J6: 4.5 | K6: 4.6 | L6: 3.9 | M6: 3.6 | N6: 6.2 | O6: 9 | P6: 8.4 | Q6: 7.8 | R6: 15.4
A7: Benito Juárez | B7: 0 | C7: 0.3 | D7: 0.3 | E7: 0.6 | F7: 2.5 | G7: 7.5 | H7: 8.5 | I7: 9.5 | J7: 10 | K7: 9.7 | L7: 6.7 | M7: 9 | N7: 13.6 | O7: 14.4 | P7: 14.2 | Q7: 22.8 | R7: 37.2
A8: Coyoacán | B8: 0 | C8: 0.3 | D8: 0.6 | E8: 0.6 | F8: 1.5 | G8: 3.5 | H8: 4 | I8: 4 | J8: 4.5 | K8: 4.8 | L8: 4.8 | M8: 8 | N8: 7.2 | O8: 13.2 | P8: 12.6 | Q8: 14.8 | R8: 20.2
A9: Cuajimalpa de Morelos | B9: 0 | C9: 0 | D9: 0 | E9: 0 | F9: 0 | G9: 0 | H9: 0 | I9: 0 | J9: 0 | K9: 0 | L9: 0 | M9: 0 | N9: 0 | O9: 0 | P9: 0 | Q9: 0 | R9: 0
A10: Cuauhtémoc | B10: 0.9 | C10: 1.5 | D10: 2.4 | E10: 3.6 | F10: 9 | G10: 22.5 | H10: 25 | I10: 27.5 | J10: 29 | K10: 27.4 | L10: 15 | M10: 26 | N10: 37.5 | O10: 37 | P10: 36 | Q10: 49.5 | R10: 66.8
A11: Gustavo A. Madero | B11: 0.3 | C11: 0.3 | D11: 0.6 | E11: 0.9 | F11: 2.5 | G11: 6 | H11: 6.5 | I11: 7 | J11: 7 | K11: 6.9 | L11: 6.2 | M11: 9 | N11: 21.5 | O11: 28.4 | P11: 29.2 | Q11: 37.4 | R11: 53.4
A12: Iztacalco | B12: 0 | C12: 0 | D12: 0 | E12: 0 | F12: 0.5 | G12: 1.5 | H12: 1.5 | I12: 1.5 | J12: 1.5 | K12: 1.8 | L12: 2 | M12: 2.4 | N12: 8 | O12: 9.4 | P12: 10.8 | Q12: 15.7 | R12: 21.6
A13: Iztapalapa | B13: 0 | C13: 0 | D13: 0 | E13: 0 | F13: 0 | G13: 1 | H13: 1 | I13: 1 | J13: 1 | K13: 1 | L13: 1.7 | M13: 4 | N13: 13.4 | O13: 18.5 | P13: 24.2 | Q13: 29.8 | R13: 51.6
A14: La Magdalena Contreras | B14: 0 | C14: 0 | D14: 0 | E14: 0 | F14: 0 | G14: 0.5 | H14: 0.5 | I14: 0.5 | J14: 0.5 | K14: 0.5 | L14: 0 | M14: 0.3 | N14: 0.6 | O14: 0.6 | P14: 0.3 | Q14: 0.3 | R14: 0.3
A15: Miguel Hidalgo | B15: 0.6 | C15: 0.9 | D15: 1.2 | E15: 1.8 | F15: 6 | G15: 14 | H15: 15 | I15: 16 | J15: 16 | K15: 15.5 | L15: 10.4 | M15: 11.5 | N15: 16.4 | O15: 17 | P15: 16.5 | Q15: 18.5 | R15: 28.2
... A20: Xochimilco | B20: 0 | C20: 0 | D20: 0 | E20: 0 | F20: 0 | G20: 3 | H20: 3 | I20: 3 | J20: 3.5 | K20: 3.5 | L20: 2.8 | M20: 3.4 | N20: 1.5 | O20: 6 | P20: 5.7 | Q20: 5.4 | R20: 5.7

Sheet ACCESS INDEX per 100k
A1: TRANSIT ACCESS INDEX — Station-equivalents per 100,000 residents
A2: Main inequality metric. Higher = better transit access. Compare values across alcaldías within a decade (cross-sectional inequality) and across decades within an alcaldía (historical evolution).
A4: Alcaldía | B4: 1860 | C4: 1870 | D4: 1880 | E4: 1890 | F4: 1900 | G4: 1910 | H4: 1920 | I4: 1930 | J4: 1940 | K4: 1950 | L4: 1960 | M4: 1970 | N4: 1980 | O4: 1990 | P4: 2000 | Q4: 2010 | R4: 2020
A5: Álvaro Obregón | B5: =IF(B31=0,0,'Station equivalents'!B5/B31*100000) -> 0 | C5: =IF(C31=0,0,'Station equivalents'!C5/C31*100000) -> 5.1282051 | D5: =IF(D31=0,0,'Station equivalents'!D5/D31*100000) -> 4.2438817 | E5: =IF(E31=0,0,'Station equivalents'!E5/E31*100000) -> 6.1538462 | F5: =IF(F31=0,0,'Station equivalents'!F5/F31*100000) -> 7.5792027 | G5: =IF(G31=0,0,'Station equivalents'!G5/G31*100000) -> 14.876525 | H5: =IF(H31=0,0,'Station equivalents'!H5/H31*100000) -> 11.321609 | I5: =IF(I31=0,0,'Station equivalents'!I5/I31*100000) -> 9.5230321 | ... R5: =IF(R31=0,0,'Station equivalents'!R5/R31*100000) -> 2.3184221
A6: Azcapotzalco | B6: =IF(B32=0,0,'Station equivalents'!B6/B32*100000) -> 0 | C6: =IF(C32=0,0,'Station equivalents'!C6/C32*100000) -> 0 | D6: =IF(D32=0,0,'Station equivalents'!D6/D32*100000) -> 4.6296296 | E6: =IF(E32=0,0,'Station equivalents'!E6/E32*100000) -> 6.7129112 | F6: =IF(F32=0,0,'Station equivalents'!F6/F32*100000) -> 12.401819 | G6: =IF(G32=0,0,'Station equivalents'!G6/G32*100000) -> 12.255653 | H6: =IF(H32=0,0,'Station equivalents'!H6/H32*100000) -> 8.2781457 | I6: =IF(I32=0,0,'Station equivalents'!I6/I32*100000) -> 6.3725837 | ... R6: =IF(R32=0,0,'Station equivalents'!R6/R32*100000) -> 3.563124
A7: Benito Juárez | B7: =IF(B33=0,0,'Station equivalents'!B7/B33*100000) -> 0 | C7: =IF(C33=0,0,'Station equivalents'!C7/C33*100000) -> 0.87909512 | D7: =IF(D33=0,0,'Station equivalents'!D7/D33*100000) -> 0.72751964 | E7: =IF(E33=0,0,'Station equivalents'!E7/E33*100000) -> 1.054908 | F7: =IF(F33=0,0,'Station equivalents'!F7/F33*100000) -> 3.2481453 | G7: =IF(G33=0,0,'Station equivalents'!G7/G33*100000) -> 6.9864277 | H7: =IF(H33=0,0,'Station equivalents'!H7/H33*100000) -> 6.1991759 | I7: =IF(I33=0,0,'Station equivalents'!I7/I33*100000) -> 5.0648028 | ... R7: =IF(R33=0,0,'Station equivalents'!R7/R33*100000) -> 8.5684079
A8: Coyoacán | B8: =IF(B34=0,0,'Station equivalents'!B8/B34*100000) -> 0 | C8: =IF(C34=0,0,'Station equivalents'!C8/C34*100000) -> 6.8368277 | D8: =IF(D34=0,0,'Station equivalents'!D8/D34*100000) -> 11.316484 | E8: =IF(E34=0,0,'Station equivalents'!E8/E34*100000) -> 8.2045672 | F8: =IF(F34=0,0,'Station equivalents'!F8/F34*100000) -> 15.157639 | G8: =IF(G34=0,0,'Station equivalents'!G8/G34*100000) -> 23.116043 | H8: =IF(H34=0,0,'Station equivalents'!H8/H34*100000) -> 20.098483 | I8: =IF(I34=0,0,'Station equivalents'!I8/I34*100000) -> 14.488029 | ... R8: =IF(R34=0,0,'Station equivalents'!R8/R34*100000) -> 3.2875089
A9: Cuajimalpa de Morelos | B9: =IF(B35=0,0,'Station equivalents'!B9/B35*100000) -> 0 | C9: =IF(C35=0,0,'Station equivalents'!C9/C35*100000) -> 0 | D9: =IF(D35=0,0,'Station equivalents'!D9/D35*100000) -> 0 | E9: =IF(E35=0,0,'Station equivalents'!E9/E35*100000) -> 0 | F9: =IF(F35=0,0,'Station equivalents'!F9/F35*100000) -> 0 | G9: =IF(G35=0,0,'Station equivalents'!G9/G35*100000) -> 0 | H9: =IF(H35=0,0,'Station equivalents'!H9/H35*100000) -> 0 | I9: =IF(I35=0,0,'Station equivalents'!I9/I35*100000) -> 0 | ... R9: =IF(R35=0,0,'Station equivalents'!R9/R35*100000) -> 0
A10: Cuauhtémoc | B10: =IF(B36=0,0,'Station equivalents'!B10/B36*100000) -> 1.2586884 | C10: =IF(C36=0,0,'Station equivalents'!C10/C36*100000) -> 1.923003 | D10: =IF(D36=0,0,'Station equivalents'!D10/D36*100000) -> 2.546311 | E10: =IF(E36=0,0,'Station equivalents'!E10/E36*100000) -> 2.7691243 | F10: =IF(F36=0,0,'Station equivalents'!F10/F36*100000) -> 5.1158455 | G10: =IF(G36=0,0,'Station equivalents'!G10/G36*100000) -> 11.587247 | H10: =IF(H36=0,0,'Station equivalents'!H10/H36*100000) -> 11.038259 | I10: =IF(I36=0,0,'Station equivalents'!I10/I36*100000) -> 9.3168544 | ... R10: =IF(R36=0,0,'Station equivalents'!R10/R36*100000) -> 12.237032
A11: Gustavo A. Madero | B11: =IF(B37=0,0,'Station equivalents'!B11/B37*100000) -> 6.7129112 | C11: =IF(C37=0,0,'Station equivalents'!C11/C37*100000) -> 6.1538462 | D11: =IF(D37=0,0,'Station equivalents'!D11/D37*100000) -> 10.185028 | E11: =IF(E37=0,0,'Station equivalents'!E11/E37*100000) -> 11.076923 | F11: =IF(F37=0,0,'Station equivalents'!F11/F37*100000) -> 22.737608 | G11: =IF(G37=0,0,'Station equivalents'!G11/G37*100000) -> 17.454545 | H11: =IF(H37=0,0,'Station equivalents'!H11/H37*100000) -> 12.520949 | I11: =IF(I37=0,0,'Station equivalents'!I11/I37*100000) -> 9.1542757 | ... R11: =IF(R37=0,0,'Station equivalents'!R11/R37*100000) -> 4.5510678
A12: Iztacalco | B12: =IF(B38=0,0,'Station equivalents'!B12/B38*100000) -> 0 | C12: =IF(C38=0,0,'Station equivalents'!C12/C38*100000) -> 0 | D12: =IF(D38=0,0,'Station equivalents'!D12/D38*100000) -> 0 | E12: =IF(E38=0,0,'Station equivalents'!E12/E38*100000) -> 0 | F12: =IF(F38=0,0,'Station equivalents'!F12/F38*100000) -> 10.105093 | G12: =IF(G38=0,0,'Station equivalents'!G12/G38*100000) -> 20.204741 | H12: =IF(H38=0,0,'Station equivalents'!H12/H38*100000) -> 15.459136 | I12: =IF(I38=0,0,'Station equivalents'!I12/I38*100000) -> 11.174849 | ... R12: =IF(R38=0,0,'Station equivalents'!R12/R38*100000) -> 5.3373528
A13: Iztapalapa | B13: =IF(B39=0,0,'Station equivalents'!B13/B39*100000) -> 0 | C13: =IF(C39=0,0,'Station equivalents'!C13/C39*100000) -> 0 | D13: =IF(D39=0,0,'Station equivalents'!D13/D39*100000) -> 0 | E13: =IF(E39=0,0,'Station equivalents'!E13/E39*100000) -> 0 | F13: =IF(F39=0,0,'Station equivalents'!F13/F39*100000) -> 0 | G13: =IF(G39=0,0,'Station equivalents'!G13/G39*100000) -> 5.593154 | H13: =IF(H39=0,0,'Station equivalents'!H13/H39*100000) -> 4.4218439 | I13: =IF(I39=0,0,'Station equivalents'!I13/I39*100000) -> 3.2481242 | ... R13: =IF(R39=0,0,'Station equivalents'!R13/R39*100000) -> 2.8112445
A14: La Magdalena Contreras | B14: =IF(B40=0,0,'Station equivalents'!B14/B40*100000) -> 0 | C14: =IF(C40=0,0,'Station equivalents'!C14/C40*100000) -> 0 | D14: =IF(D40=0,0,'Station equivalents'!D14/D40*100000) -> 0 | E14: =IF(E40=0,0,'Station equivalents'!E14/E40*100000) -> 0 | F14: =IF(F40=0,0,'Station equivalents'!F14/F40*100000) -> 0 | G14: =IF(G40=0,0,'Station equivalents'!G14/G40*100000) -> 9.6899225 | H14: =IF(H40=0,0,'Station equivalents'!H14/H40*100000) -> 7.6875769 | I14: =IF(I40=0,0,'Station equivalents'!I14/I40*100000) -> 5.6573885 | ... R14: =IF(R40=0,0,'Station equivalents'!R14/R40*100000) -> 0.1211524
A15: Miguel Hidalgo | B15: =IF(B41=0,0,'Station equivalents'!B15/B41*100000) -> 1.7901363 | C15: =IF(C41=0,0,'Station equivalents'!C15/C41*100000) -> 2.4614375 | D15: =IF(D41=0,0,'Station equivalents'!D15/D41*100000) -> 2.7160382 | E15: =IF(E41=0,0,'Station equivalents'!E15/E41*100000) -> 2.953725 | F15: =IF(F41=0,0,'Station equivalents'!F15/F41*100000) -> 7.2759022 | G15: =IF(G41=0,0,'Station equivalents'!G15/G41*100000) -> 12.707172 | H15: =IF(H41=0,0,'Station equivalents'!H15/H41*100000) -> 10.816112 | I15: =IF(I41=0,0,'Station equivalents'!I15/I41*100000) -> 8.495906 | ... R15: =IF(R41=0,0,'Station equivalents'!R15/R41*100000) -> 6.80387
A16: Milpa Alta | B16: =IF(B42=0,0,'Station equivalents'!B16/B42*100000) -> 0 | C16: =IF(C42=0,0,'Station equivalents'!C16/C42*100000) -> 0 | D16: =IF(D42=0,0,'Station equivalents'!D16/D42*100000) -> 0 | E16: =IF(E42=0,0,'Station equivalents'!E16/E42*100000) -> 0 | F16: =IF(F42=0,0,'Station equivalents'!F16/F42*100000) -> 0 | G16: =IF(G42=0,0,'Station equivalents'!G16/G42*100000) -> 0 | H16: =IF(H42=0,0,'Station equivalents'!H16/H42*100000) -> 0 | I16: =IF(I42=0,0,'Station equivalents'!I16/I42*100000) -> 0 | ... R16: =IF(R42=0,0,'Station equivalents'!R16/R42*100000) -> 0
... A20: Xochimilco | B20: =IF(B46=0,0,'Station equivalents'!B20/B46*100000) -> 0 | C20: =IF(C46=0,0,'Station equivalents'!C20/C46*100000) -> 0 | D20: =IF(D46=0,0,'Station equivalents'!D20/D46*100000) -> 0 | E20: =IF(E46=0,0,'Station equivalents'!E20/E46*100000) -> 0 | F20: =IF(F46=0,0,'Station equivalents'!F20/F46*100000) -> 0 | G20: =IF(G46=0,0,'Station equivalents'!G20/G46*100000) -> 17.817901 | H20: =IF(H46=0,0,'Station equivalents'!H20/H46*100000) -> 17.024174 | I20: =IF(I46=0,0,'Station equivalents'!I20/I46*100000) -> 13.978194 | ... R20: =IF(R46=0,0,'Station equivalents'!R20/R46*100000) -> 1.2890736
A22: CDMX-wide statistics
A23: Maximum | B23: =MAX(B5:B20) -> 6.7129112 | C23: =MAX(C5:C20) -> 10.25641 | D23: =MAX(D5:D20) -> 11.316484 | E23: =MAX(E5:E20) -> 12.307692 | F23: =MAX(F5:F20) -> 22.737608 | G23: =MAX(G5:G20) -> 36.701737 | H23: =MAX(H5:H20) -> 29.979015 | I23: =MAX(I5:I20) -> 22.396417 | ... R23: =MAX(R5:R20) -> 12.237032
A24: Minimum (excluding zeros) | B24: =IFERROR(SUMPRODUCT(MIN(IF(B5:B20>0,B5:B20))),0) -> 0.78976465 | C24: =IFERROR(SUMPRODUCT(MIN(IF(C5:C20>0,C5:C20))),0) -> 0.87909512 | D24: =IFERROR(SUMPRODUCT(MIN(IF(D5:D20>0,D5:D20))),0) -> 0.72751964 | E24: =IFERROR(SUMPRODUCT(MIN(IF(E5:E20>0,E5:E20))),0) -> 1.054908 | F24: =IFERROR(SUMPRODUCT(MIN(IF(F5:F20>0,F5:F20))),0) -> 3.2481453 | G24: =IFERROR(SUMPRODUCT(MIN(IF(G5:G20>0,G5:G20))),0) -> 5.593154 | H24: =IFERROR(SUMPRODUCT(MIN(IF(H5:H20>0,H5:H20))),0) -> 4.4218439 | I24: =IFERROR(SUMPRODUCT(MIN(IF(I5:I20>0,I5:I20))),0) -> 3.2481242 | ... R24: =IFERROR(SUMPRODUCT(MIN(IF(R5:R20>0,R5:R20))),0) -> 0.1211524
A25: Ratio max/min | B25: =IF(B24=0,0,B23/B24) -> 8.4998881 | C25: =IF(C24=0,0,C23/C24) -> 11.667009 | D25: =IF(D24=0,0,D23/D24) -> 15.554885 | E25: =IF(E24=0,0,E23/E24) -> 11.667077 | F25: =IF(F24=0,0,F23/F24) -> 7.0001819 | G25: =IF(G24=0,0,G23/G24) -> 6.5619036 | H25: =IF(H24=0,0,H23/H24) -> 6.7797542 | I25: =IF(I24=0,0,I23/I24) -> 6.8951848 | ... R25: =IF(R24=0,0,R23/R24) -> 101.00528
A26: Alcaldías with zero access | B26: =COUNTIF(B5:B20,0) -> 12 | C26: =COUNTIF(C5:C20,0) -> 8 | D26: =COUNTIF(D5:D20,0) -> 7 | E26: =COUNTIF(E5:E20,0) -> 7 | F26: =COUNTIF(F5:F20,0) -> 6 | G26: =COUNTIF(G5:G20,0) -> 3 | H26: =COUNTIF(H5:H20,0) -> 3 | I26: =COUNTIF(I5:I20,0) -> 3 | ... R26: =COUNTIF(R5:R20,0) -> 2
A30: (Reference) Population per alcaldía per decade | B30: 1860 | C30: 1870 | D30: 1880 | E30: 1890 | F30: 1900 | G30: 1910 | H30: 1920 | I30: 1930 | J30: 1940 | K30: 1950 | L30: 1960 | M30: 1970 | N30: 1980 | O30: 1990 | P30: 2000 | Q30: 2010 | R30: 2020
A31: Álvaro Obregón | B31: 5363 | C31: 5850 | D31: 7069 | E31: 9750 | F31: 13194 | G31: 20166 | H31: 26498 | I31: 36753 | J31: 53222 | K31: 93176 | L31: 220011 | M31: 456709 | N31: 639213 | O31: 642753 | P31: 687020 | Q31: 727034 | R31: 759137
A32: Azcapotzalco | B32: 4916 | C32: 5363 | D32: 6480 | E32: 8938 | F32: 12095 | G32: 32638 | H32: 48320 | I32: 70615 | J32: 105306 | K32: 187864 | L32: 370724 | M32: 534554 | N32: 601524 | O32: 474688 | P32: 441008 | Q32: 414711 | R32: 432205
A33: Benito Juárez | B33: 31283 | C33: 34126 | D33: 41236 | E33: 56877 | F33: 76967 | G33: 107351 | H33: 137115 | I33: 187569 | J33: 269404 | K33: 469100 | L33: 594485 | M33: 609354 | N33: 544882 | O33: 407811 | P33: 360478 | Q33: 385439 | R33: 434153
A34: Coyoacán | B34: 4022 | C34: 4388 | D34: 5302 | E34: 7313 | F34: 9896 | G34: 15141 | H34: 19902 | I34: 27609 | J34: 39984 | K34: 70005 | L34: 169811 | M34: 339446 | N34: 597129 | O34: 640066 | P34: 640423 | Q34: 620416 | R34: 614447
A35: Cuajimalpa de Morelos | B35: 2234 | C35: 2438 | D35: 2945 | E35: 4063 | F35: 5498 | G35: 4376 | H35: 4204 | I35: 4809 | J35: 6096 | K35: 9676 | L35: 19199 | M35: 36200 | N35: 91200 | O35: 119669 | P35: 151222 | Q35: 186391 | R35: 217686
A36: Cuauhtémoc | B36: 71503 | C36: 78003 | D36: 94254 | E36: 130005 | F36: 175924 | G36: 194179 | H36: 226485 | I36: 295164 | J36: 411339 | K36: 701635 | L36: 889175 | M36: 911414 | N36: 814983 | O36: 595960 | P36: 516255 | Q36: 531831 | R36: 545884
A37: Gustavo A. Madero | B37: 4469 | C37: 4875 | D37: 5891 | E37: 8125 | F37: 10995 | G37: 34375 | H37: 51913 | I37: 76467 | J37: 114516 | K37: 204833 | L37: 579180 | M37: 1186107 | N37: 1513360 | O37: 1268068 | P37: 1235542 | Q37: 1185772 | R37: 1173351
A38: Iztacalco | B38: 2011 | C38: 2194 | D38: 2651 | E38: 3656 | F38: 4948 | G38: 7424 | H38: 9703 | I38: 13423 | J38: 19409 | K38: 33945 | L38: 198904 | M38: 477331 | N38: 570377 | O38: 448322 | P38: 411321 | Q38: 384326 | R38: 404695
A39: Iztapalapa | B39: 5363 | C39: 5850 | D39: 7069 | E39: 9750 | F39: 13194 | G39: 17879 | H39: 22615 | I39: 30787 | J39: 44089 | K39: 76621 | L39: 254355 | M39: 522095 | N39: 1262354 | O39: 1490499 | P39: 1773343 | Q39: 1815786 | R39: 1835486
A40: La Magdalena Contreras | B40: 1564 | C40: 1706 | D40: 2062 | E40: 2844 | F40: 3848 | G40: 5160 | H40: 6504 | I40: 8838 | J40: 12643 | K40: 21955 | L40: 40724 | M40: 75429 | N40: 173105 | O40: 195041 | P40: 222050 | Q40: 239086 | R40: 247622
A41: Miguel Hidalgo | B41: 33517 | C41: 36564 | D41: 44182 | E41: 60940 | F41: 82464 | G41: 110174 | H41: 138682 | I41: 188326 | J41: 269298 | K41: 467533 | L41: 592499 | M41: 607319 | N41: 543062 | O41: 406868 | P41: 352640 | Q41: 372889 | R41: 414470
... A46: Xochimilco | B46: 7597 | C46: 8288 | D46: 10014 | E46: 13813 | F46: 18692 | G46: 16837 | H46: 17622 | I46: 21462 | J46: 28552 | K46: 47082 | L46: 70381 | M46: 116493 | N46: 217481 | O46: 271151 | P46: 369787 | Q46: 415007 | R46: 442178

Sheet Methodology
A1: CDMX Transit Access Inequality — Methodology
A2: Built on top of your PopulationPerAlcaldia.xlsx (denominator). This dataset measures access to public transit per alcaldía per decade, 1860–2020, on a single comparable index.
A4: 1. RESEARCH QUESTION
A5: How unequal is access to public transit across CDMX's 16 alcaldías, and how has that inequality evolved since 1860? To answer this we need a single metric that is (a) comparable across very different transit modes (mule trams, electric trams, trolleybuses, Metro, BRT, cableway) and (b) normalized to population so we are measuring access per resident, not absolute infrastructure.
A7: 2. CORE METRIC: Station-equivalents per 100,000 residents
A8: For each (alcaldía, decade) cell:
A9: INDEX = (Σ stations_mode × weight_mode) / population × 100,000
A10: The sum runs over the seven modes listed below. Population denominator comes from your population sheet for every decade 1860–2020.
A12: 3. MODE WEIGHTS (Metro = 1.00 benchmark)
A13: Weights reflect relative service quality: capacity, speed, dedicated right-of-way, and frequency. They are an editorial judgment — every transit-access index has to make these calls. Sensitivity analysis: the rank-order of alcaldías by index value is robust to weight perturbations of ±0.2 because the differences between alcaldías are an order of magnitude larger than the weight uncertainties.
A14: • Metro 1.00 (high-capacity, dedicated, fast)
A15: • Tren Ligero 0.80 (light rail, dedicated, lower capacity)
... A64: (d) Excludes commuter rail (Tren Suburbano, 2008, primarily Estado de México) and Mexibús (Estado de México BRT). These do not have stations within CDMX alcaldías except at the Buenavista terminus.
