Workbook

Sheet Density (inhab per km2)
A1: CDMX — Population density per alcaldía per decade, 1860–2020 (inhabitants per km²)
A2: Density = Population ÷ current alcaldía area in km². Area is held constant at present-day values across all decades (consistent geography). Pre-1928 cells are reconstructed (no alcaldías existed yet); see Methodology.
A4: Alcaldía | B4: Area (km²) | C4: 1860 | D4: 1870 | E4: 1880 | F4: 1890 | G4: 1900 | H4: 1910 | I4: 1920 | J4: 1930 | K4: 1940 | L4: 1950 | M4: 1960 | N4: 1970 | O4: 1980 | P4: 1990 | Q4: 2000 | R4: 2010 | S4: 2020
A5: Álvaro Obregón | B5: 95.9 | C5: =IF($B5=0,0,Population!C5/$B5) -> 55.922836 | D5: =IF($B5=0,0,Population!D5/$B5) -> 61.001043 | E5: =IF($B5=0,0,Population!E5/$B5) -> 73.7122 | F5: =IF($B5=0,0,Population!F5/$B5) -> 101.6684 | G5: =IF($B5=0,0,Population!G5/$B5) -> 137.58081 | H5: =IF($B5=0,0,Population!H5/$B5) -> 210.28154 | I5: =IF($B5=0,0,Population!I5/$B5) -> 276.30865 | J5: =IF($B5=0,0,Population!J5/$B5) -> 383.24296 | ... S5: =IF($B5=0,0,Population!S5/$B5) -> 7915.9228
A6: Azcapotzalco | B6: 33.7 | C6: =IF($B6=0,0,Population!C6/$B6) -> 145.87537 | D6: =IF($B6=0,0,Population!D6/$B6) -> 159.13947 | E6: =IF($B6=0,0,Population!E6/$B6) -> 192.28487 | F6: =IF($B6=0,0,Population!F6/$B6) -> 265.22255 | G6: =IF($B6=0,0,Population!G6/$B6) -> 358.90208 | H6: =IF($B6=0,0,Population!H6/$B6) -> 968.48665 | I6: =IF($B6=0,0,Population!I6/$B6) -> 1433.8279 | J6: =IF($B6=0,0,Population!J6/$B6) -> 2095.4006 | ... S6: =IF($B6=0,0,Population!S6/$B6) -> 12825.074
A7: Benito Juárez | B7: 26.5 | C7: =IF($B7=0,0,Population!C7/$B7) -> 1180.4906 | D7: =IF($B7=0,0,Population!D7/$B7) -> 1287.7736 | E7: =IF($B7=0,0,Population!E7/$B7) -> 1556.0755 | F7: =IF($B7=0,0,Population!F7/$B7) -> 2146.3019 | G7: =IF($B7=0,0,Population!G7/$B7) -> 2904.4151 | H7: =IF($B7=0,0,Population!H7/$B7) -> 4050.9811 | I7: =IF($B7=0,0,Population!I7/$B7) -> 5174.1509 | J7: =IF($B7=0,0,Population!J7/$B7) -> 7078.0755 | ... S7: =IF($B7=0,0,Population!S7/$B7) -> 16383.132
A8: Coyoacán | B8: 53.9 | C8: =IF($B8=0,0,Population!C8/$B8) -> 74.619666 | D8: =IF($B8=0,0,Population!D8/$B8) -> 81.410019 | E8: =IF($B8=0,0,Population!E8/$B8) -> 98.367347 | F8: =IF($B8=0,0,Population!F8/$B8) -> 135.67718 | G8: =IF($B8=0,0,Population!G8/$B8) -> 183.59926 | H8: =IF($B8=0,0,Population!H8/$B8) -> 280.90909 | I8: =IF($B8=0,0,Population!I8/$B8) -> 369.23933 | J8: =IF($B8=0,0,Population!J8/$B8) -> 512.22635 | ... S8: =IF($B8=0,0,Population!S8/$B8) -> 11399.759
A9: Cuajimalpa de Morelos | B9: 70.8 | C9: =IF($B9=0,0,Population!C9/$B9) -> 31.553672 | D9: =IF($B9=0,0,Population!D9/$B9) -> 34.435028 | E9: =IF($B9=0,0,Population!E9/$B9) -> 41.596045 | F9: =IF($B9=0,0,Population!F9/$B9) -> 57.387006 | G9: =IF($B9=0,0,Population!G9/$B9) -> 77.655367 | H9: =IF($B9=0,0,Population!H9/$B9) -> 61.80791 | I9: =IF($B9=0,0,Population!I9/$B9) -> 59.378531 | J9: =IF($B9=0,0,Population!J9/$B9) -> 67.923729 | ... S9: =IF($B9=0,0,Population!S9/$B9) -> 3074.661
A10: Cuauhtémoc | B10: 35.5 | C10: =IF($B10=0,0,Population!C10/$B10) -> 2014.169 | D10: =IF($B10=0,0,Population!D10/$B10) -> 2197.2676 | E10: =IF($B10=0,0,Population!E10/$B10) -> 2655.0423 | F10: =IF($B10=0,0,Population!F10/$B10) -> 3662.1127 | G10: =IF($B10=0,0,Population!G10/$B10) -> 4955.6056 | H10: =IF($B10=0,0,Population!H10/$B10) -> 5469.831 | I10: =IF($B10=0,0,Population!I10/$B10) -> 6379.8592 | J10: =IF($B10=0,0,Population!J10/$B10) -> 8314.4789 | ... S10: =IF($B10=0,0,Population!S10/$B10) -> 15377.014
A11: Gustavo A. Madero | B11: 88.1 | C11: =IF($B11=0,0,Population!C11/$B11) -> 50.726447 | D11: =IF($B11=0,0,Population!D11/$B11) -> 55.334847 | E11: =IF($B11=0,0,Population!E11/$B11) -> 66.867196 | F11: =IF($B11=0,0,Population!F11/$B11) -> 92.224745 | G11: =IF($B11=0,0,Population!G11/$B11) -> 124.80136 | H11: =IF($B11=0,0,Population!H11/$B11) -> 390.18161 | I11: =IF($B11=0,0,Population!I11/$B11) -> 589.25085 | J11: =IF($B11=0,0,Population!J11/$B11) -> 867.95687 | ... S11: =IF($B11=0,0,Population!S11/$B11) -> 13318.4
A12: Iztacalco | B12: 23.2 | C12: =IF($B12=0,0,Population!C12/$B12) -> 86.681034 | D12: =IF($B12=0,0,Population!D12/$B12) -> 94.568966 | E12: =IF($B12=0,0,Population!E12/$B12) -> 114.26724 | F12: =IF($B12=0,0,Population!F12/$B12) -> 157.58621 | G12: =IF($B12=0,0,Population!G12/$B12) -> 213.27586 | H12: =IF($B12=0,0,Population!H12/$B12) -> 320 | I12: =IF($B12=0,0,Population!I12/$B12) -> 418.23276 | J12: =IF($B12=0,0,Population!J12/$B12) -> 578.57759 | ... S12: =IF($B12=0,0,Population!S12/$B12) -> 17443.75
A13: Iztapalapa | B13: 113.5 | C13: =IF($B13=0,0,Population!C13/$B13) -> 47.251101 | D13: =IF($B13=0,0,Population!D13/$B13) -> 51.54185 | E13: =IF($B13=0,0,Population!E13/$B13) -> 62.281938 | F13: =IF($B13=0,0,Population!F13/$B13) -> 85.903084 | G13: =IF($B13=0,0,Population!G13/$B13) -> 116.2467 | H13: =IF($B13=0,0,Population!H13/$B13) -> 157.52423 | I13: =IF($B13=0,0,Population!I13/$B13) -> 199.2511 | J13: =IF($B13=0,0,Population!J13/$B13) -> 271.2511 | ... S13: =IF($B13=0,0,Population!S13/$B13) -> 16171.683
A14: La Magdalena Contreras | B14: 63.5 | C14: =IF($B14=0,0,Population!C14/$B14) -> 24.629921 | D14: =IF($B14=0,0,Population!D14/$B14) -> 26.866142 | E14: =IF($B14=0,0,Population!E14/$B14) -> 32.472441 | F14: =IF($B14=0,0,Population!F14/$B14) -> 44.787402 | G14: =IF($B14=0,0,Population!G14/$B14) -> 60.598425 | H14: =IF($B14=0,0,Population!H14/$B14) -> 81.259843 | I14: =IF($B14=0,0,Population!I14/$B14) -> 102.4252 | J14: =IF($B14=0,0,Population!J14/$B14) -> 139.1811 | ... S14: =IF($B14=0,0,Population!S14/$B14) -> 3899.5591
A15: Miguel Hidalgo | B15: 46.3 | C15: =IF($B15=0,0,Population!C15/$B15) -> 723.90929 | D15: =IF($B15=0,0,Population!D15/$B15) -> 789.71922 | E15: =IF($B15=0,0,Population!E15/$B15) -> 954.25486 | F15: =IF($B15=0,0,Population!F15/$B15) -> 1316.1987 | G15: =IF($B15=0,0,Population!G15/$B15) -> 1781.0799 | H15: =IF($B15=0,0,Population!H15/$B15) -> 2379.568 | I15: =IF($B15=0,0,Population!I15/$B15) -> 2995.2916 | J15: =IF($B15=0,0,Population!J15/$B15) -> 4067.5162 | ... S15: =IF($B15=0,0,Population!S15/$B15) -> 8951.8359
A16: Milpa Alta | B16: 287.5 | C16: =IF($B16=0,0,Population!C16/$B16) -> 13.989565 | D16: =IF($B16=0,0,Population!D16/$B16) -> 15.262609 | E16: =IF($B16=0,0,Population!E16/$B16) -> 18.441739 | F16: =IF($B16=0,0,Population!F16/$B16) -> 25.436522 | G16: =IF($B16=0,0,Population!G16/$B16) -> 34.42087 | H16: =IF($B16=0,0,Population!H16/$B16) -> 27.777391 | I16: =IF($B16=0,0,Population!I16/$B16) -> 26.973913 | J16: =IF($B16=0,0,Population!J16/$B16) -> 31.102609 | ... S16: =IF($B16=0,0,Population!S16/$B16) -> 531.07826
... A20: Xochimilco | B20: 119.2 | C20: =IF($B20=0,0,Population!C20/$B20) -> 63.733221 | D20: =IF($B20=0,0,Population!D20/$B20) -> 69.530201 | E20: =IF($B20=0,0,Population!E20/$B20) -> 84.010067 | F20: =IF($B20=0,0,Population!F20/$B20) -> 115.88087 | G20: =IF($B20=0,0,Population!G20/$B20) -> 156.81208 | H20: =IF($B20=0,0,Population!H20/$B20) -> 141.25 | I20: =IF($B20=0,0,Population!I20/$B20) -> 147.83557 | J20: =IF($B20=0,0,Population!J20/$B20) -> 180.05034 | ... S20: =IF($B20=0,0,Population!S20/$B20) -> 3709.547
A22: CDMX-wide statistics
A23: CDMX total density | C23: =SUM(Population!C5:C20)/SUM($B$5:$B$20) -> 148.07252 | D23: =SUM(Population!D5:D20)/SUM($B$5:$B$20) -> 161.53323 | E23: =SUM(Population!E5:E20)/SUM($B$5:$B$20) -> 195.18703 | F23: =SUM(Population!F5:F20)/SUM($B$5:$B$20) -> 269.22161 | G23: =SUM(Population!G5:G20)/SUM($B$5:$B$20) -> 364.31378 | H23: =SUM(Population!H5:H20)/SUM($B$5:$B$20) -> 484.89976 | I23: =SUM(Population!I5:I20)/SUM($B$5:$B$20) -> 609.56943 | J23: =SUM(Population!J5:J20)/SUM($B$5:$B$20) -> 827.21744 | ... S23: =SUM(Population!S5:S20)/SUM($B$5:$B$20) -> 6196.141
A24: Max alcaldía density | C24: =MAX(C5:C20) -> 2014.169 | D24: =MAX(D5:D20) -> 2197.2676 | E24: =MAX(E5:E20) -> 2655.0423 | F24: =MAX(F5:F20) -> 3662.1127 | G24: =MAX(G5:G20) -> 4955.6056 | H24: =MAX(H5:H20) -> 5469.831 | I24: =MAX(I5:I20) -> 6379.8592 | J24: =MAX(J5:J20) -> 8314.4789 | ... S24: =MAX(S5:S20) -> 17443.75
A25: Min alcaldía density | C25: =MIN(C5:C20) -> 8.6848073 | D25: =MIN(D5:D20) -> 9.4752187 | E25: =MIN(E5:E20) -> 11.451247 | F25: =MIN(F5:F20) -> 15.792031 | G25: =MIN(G5:G20) -> 21.370262 | H25: =MIN(H5:H20) -> 26.478782 | I25: =MIN(I5:I20) -> 26.973913 | J25: =MIN(J5:J20) -> 31.102609 | ... S25: =MIN(S5:S20) -> 531.07826
A26: Max-to-min ratio | C26: =IF(C25=0,0,C24/C25) -> 231.91868 | D26: =IF(D25=0,0,D24/D25) -> 231.89624 | E26: =IF(E25=0,0,E24/E25) -> 231.85617 | F26: =IF(F25=0,0,F24/F25) -> 231.89624 | G26: =IF(G25=0,0,G24/G25) -> 231.8926 | H26: =IF(H25=0,0,H24/H25) -> 206.57412 | I26: =IF(I25=0,0,I24/I25) -> 236.5196 | J26: =IF(J25=0,0,J24/J25) -> 267.32416 | ... S26: =IF(S25=0,0,S24/S25) -> 32.845912

Sheet Population
A1: Population per alcaldía per decade (reference) — from user's PopulationPerAlcaldia.xlsx
A2: Source: user-provided sheet. GREEN/GOLD/ORANGE quality flags described in the source workbook's Methodology sheet and copied into this workbook's Methodology sheet.
A4: Alcaldía | B4: (area) | C4: 1860 | D4: 1870 | E4: 1880 | F4: 1890 | G4: 1900 | H4: 1910 | I4: 1920 | J4: 1930 | K4: 1940 | L4: 1950 | M4: 1960 | N4: 1970 | O4: 1980 | P4: 1990 | Q4: 2000 | R4: 2010 | S4: 2020
A5: Álvaro Obregón | B5: 95.9 | C5: 5363 | D5: 5850 | E5: 7069 | F5: 9750 | G5: 13194 | H5: 20166 | I5: 26498 | J5: 36753 | K5: 53222 | L5: 93176 | M5: 220011 | N5: 456709 | O5: 639213 | P5: 642753 | Q5: 687020 | R5: 727034 | S5: 759137
A6: Azcapotzalco | B6: 33.7 | C6: 4916 | D6: 5363 | E6: 6480 | F6: 8938 | G6: 12095 | H6: 32638 | I6: 48320 | J6: 70615 | K6: 105306 | L6: 187864 | M6: 370724 | N6: 534554 | O6: 601524 | P6: 474688 | Q6: 441008 | R6: 414711 | S6: 432205
A7: Benito Juárez | B7: 26.5 | C7: 31283 | D7: 34126 | E7: 41236 | F7: 56877 | G7: 76967 | H7: 107351 | I7: 137115 | J7: 187569 | K7: 269404 | L7: 469100 | M7: 594485 | N7: 609354 | O7: 544882 | P7: 407811 | Q7: 360478 | R7: 385439 | S7: 434153
A8: Coyoacán | B8: 53.9 | C8: 4022 | D8: 4388 | E8: 5302 | F8: 7313 | G8: 9896 | H8: 15141 | I8: 19902 | J8: 27609 | K8: 39984 | L8: 70005 | M8: 169811 | N8: 339446 | O8: 597129 | P8: 640066 | Q8: 640423 | R8: 620416 | S8: 614447
A9: Cuajimalpa de Morelos | B9: 70.8 | C9: 2234 | D9: 2438 | E9: 2945 | F9: 4063 | G9: 5498 | H9: 4376 | I9: 4204 | J9: 4809 | K9: 6096 | L9: 9676 | M9: 19199 | N9: 36200 | O9: 91200 | P9: 119669 | Q9: 151222 | R9: 186391 | S9: 217686
A10: Cuauhtémoc | B10: 35.5 | C10: 71503 | D10: 78003 | E10: 94254 | F10: 130005 | G10: 175924 | H10: 194179 | I10: 226485 | J10: 295164 | K10: 411339 | L10: 701635 | M10: 889175 | N10: 911414 | O10: 814983 | P10: 595960 | Q10: 516255 | R10: 531831 | S10: 545884
A11: Gustavo A. Madero | B11: 88.1 | C11: 4469 | D11: 4875 | E11: 5891 | F11: 8125 | G11: 10995 | H11: 34375 | I11: 51913 | J11: 76467 | K11: 114516 | L11: 204833 | M11: 579180 | N11: 1186107 | O11: 1513360 | P11: 1268068 | Q11: 1235542 | R11: 1185772 | S11: 1173351
A12: Iztacalco | B12: 23.2 | C12: 2011 | D12: 2194 | E12: 2651 | F12: 3656 | G12: 4948 | H12: 7424 | I12: 9703 | J12: 13423 | K12: 19409 | L12: 33945 | M12: 198904 | N12: 477331 | O12: 570377 | P12: 448322 | Q12: 411321 | R12: 384326 | S12: 404695
A13: Iztapalapa | B13: 113.5 | C13: 5363 | D13: 5850 | E13: 7069 | F13: 9750 | G13: 13194 | H13: 17879 | I13: 22615 | J13: 30787 | K13: 44089 | L13: 76621 | M13: 254355 | N13: 522095 | O13: 1262354 | P13: 1490499 | Q13: 1773343 | R13: 1815786 | S13: 1835486
A14: La Magdalena Contreras | B14: 63.5 | C14: 1564 | D14: 1706 | E14: 2062 | F14: 2844 | G14: 3848 | H14: 5160 | I14: 6504 | J14: 8838 | K14: 12643 | L14: 21955 | M14: 40724 | N14: 75429 | O14: 173105 | P14: 195041 | Q14: 222050 | R14: 239086 | S14: 247622
A15: Miguel Hidalgo | B15: 46.3 | C15: 33517 | D15: 36564 | E15: 44182 | F15: 60940 | G15: 82464 | H15: 110174 | I15: 138682 | J15: 188326 | K15: 269298 | L15: 467533 | M15: 592499 | N15: 607319 | O15: 543062 | P15: 406868 | Q15: 352640 | R15: 372889 | S15: 414470
A16: Milpa Alta | B16: 287.5 | C16: 4022 | D16: 4388 | E16: 5302 | F16: 7313 | G16: 9896 | H16: 7986 | I16: 7755 | J16: 8942 | K16: 11412 | L16: 18212 | M16: 24379 | N16: 33694 | O16: 53616 | P16: 63654 | Q16: 96773 | R16: 130582 | S16: 152685
... A20: Xochimilco | B20: 119.2 | C20: 7597 | D20: 8288 | E20: 10014 | F20: 13813 | G20: 18692 | H20: 16837 | I20: 17622 | J20: 21462 | K20: 28552 | L20: 47082 | M20: 70381 | N20: 116493 | O20: 217481 | P20: 271151 | Q20: 369787 | R20: 415007 | S20: 442178

Sheet Methodology
A1: CDMX Population Density per Alcaldía per Decade, 1860–2020 — Methodology
A2: This workbook computes population density (inhabitants per km²) for each of the 16 alcaldías of Mexico City for every decade from 1860 to 2020.
A4: 1. FORMULA
A5: Density (inhab/km²) = Population in year t ÷ Area (km²)
A6: Area is held constant across decades at the alcaldía's CURRENT territorial extent. This is the same 'consistent geography, not consistent jurisdiction' convention used by your population sheet — what we are measuring is 'how many people lived on the territory that is now alcaldía X' divided by the size of that territory today.
A8: 2. POPULATION DATA (numerator)
A9: Copied verbatim from your PopulationPerAlcaldia.xlsx. Quality flags from your source workbook carry over: 1980–2020 are direct INEGI census measurements per alcaldía (GREEN); 1950–1970 are split from the Ciudad Central aggregate using 1980 census shares (GOLD); 1860–1940 are reconstructed by mapping historical municipios onto current alcaldía territory (ORANGE).
A11: 3. AREA DATA (denominator)
A12: All 16 areas are taken from a single Mexican government source for internal consistency: PAOT/SEDEMA, 'Capítulo 2: La Zona Metropolitana del Valle de México' (Programa para Mejorar la Calidad del Aire), which itself cites the INEGI Marco Geoestadístico. The 16 areas sum to 1,486.4 km², matching CDMX's published total.
A13: Álvaro Obregón 95.9 km²
A14: Azcapotzalco 33.7 km²
A15: Benito Juárez 26.5 km²
... A47: (c) Pre-1928 cells inherit the ORANGE quality flag from the population sheet — order-of-magnitude only. Use only 1980–2020 for any formal statistical work.
