Workbook

Sheet Persons per dwelling
A1: CDMX — Average persons per dwelling per alcaldía per decade, 1860–2020
A2: Hacinamiento (crowding) indicator. Lower = wealthier/smaller households. Cell color shows data quality: GREEN=census, GOLD=split from Ciudad Central aggregate, ORANGE=reconstructed.
A4: Alcaldía | B4: 1860 | C4: 1870 | D4: 1880 | E4: 1890 | F4: 1900 | G4: 1910 | H4: 1920 | I4: 1930 | J4: 1940 | K4: 1950 | L4: 1960 | M4: 1970 | N4: 1980 | O4: 1990 | P4: 2000 | Q4: 2010 | R4: 2020
A5: Álvaro Obregón | B5: 5.5 | C5: 5.5 | D5: 5.4 | E5: 5.4 | F5: 5.5 | G5: 5.4 | H5: 5.3 | I5: 5.2 | J5: 5 | K5: 5.4 | L5: 5.6 | M5: 5.5 | N5: 5.2 | O5: 4.7 | P5: 4.1 | Q5: 3.7 | R5: 3.5
A6: Azcapotzalco | B6: 5.5 | C6: 5.5 | D6: 5.4 | E6: 5.4 | F6: 5.5 | G6: 5.4 | H6: 5.3 | I6: 5.2 | J6: 5 | K6: 5.4 | L6: 5.5 | M6: 5.4 | N6: 5 | O6: 4.4 | P6: 3.9 | Q6: 3.5 | R6: 3.2
A7: Benito Juárez | B7: 5.4 | C7: 5.4 | D7: 5.3 | E7: 5.3 | F7: 5.4 | G7: 5.3 | H7: 5.2 | I7: 5.1 | J7: 4.9 | K7: 5.2 | L7: 5.2 | M7: 5 | N7: 4.4 | O7: 3.6 | P7: 3.1 | Q7: 2.7 | R7: 2.5
A8: Coyoacán | B8: 5.5 | C8: 5.5 | D8: 5.4 | E8: 5.4 | F8: 5.5 | G8: 5.4 | H8: 5.3 | I8: 5.2 | J8: 5 | K8: 5.4 | L8: 5.5 | M8: 5.4 | N8: 5 | O8: 4.4 | P8: 3.8 | Q8: 3.4 | R8: 3.2
A9: Cuajimalpa de Morelos | B9: 5.6 | C9: 5.6 | D9: 5.5 | E9: 5.5 | F9: 5.6 | G9: 5.5 | H9: 5.4 | I9: 5.3 | J9: 5.1 | K9: 5.5 | L9: 5.7 | M9: 5.7 | N9: 5.4 | O9: 4.9 | P9: 4.4 | Q9: 3.9 | R9: 3.6
A10: Cuauhtémoc | B10: 5.4 | C10: 5.4 | D10: 5.3 | E10: 5.3 | F10: 5.4 | G10: 5.3 | H10: 5.2 | I10: 5.1 | J10: 4.9 | K10: 5.2 | L10: 5.3 | M10: 5.1 | N10: 4.6 | O10: 3.9 | P10: 3.4 | Q10: 3 | R10: 2.8
A11: Gustavo A. Madero | B11: 5.5 | C11: 5.5 | D11: 5.4 | E11: 5.4 | F11: 5.5 | G11: 5.5 | H11: 5.4 | I11: 5.3 | J11: 5.1 | K11: 5.5 | L11: 5.6 | M11: 5.5 | N11: 5.1 | O11: 4.5 | P11: 4 | Q11: 3.6 | R11: 3.3
A12: Iztacalco | B12: 5.5 | C12: 5.5 | D12: 5.4 | E12: 5.4 | F12: 5.5 | G12: 5.4 | H12: 5.3 | I12: 5.2 | J12: 5 | K12: 5.4 | L12: 5.5 | M12: 5.4 | N12: 5 | O12: 4.5 | P12: 3.9 | Q12: 3.5 | R12: 3.3
A13: Iztapalapa | B13: 5.6 | C13: 5.6 | D13: 5.5 | E13: 5.5 | F13: 5.6 | G13: 5.5 | H13: 5.5 | I13: 5.4 | J13: 5.2 | K13: 5.6 | L13: 5.8 | M13: 5.8 | N13: 5.4 | O13: 4.9 | P13: 4.3 | Q13: 3.8 | R13: 3.5
A14: La Magdalena Contreras | B14: 5.6 | C14: 5.6 | D14: 5.5 | E14: 5.5 | F14: 5.6 | G14: 5.5 | H14: 5.4 | I14: 5.3 | J14: 5.1 | K14: 5.5 | L14: 5.7 | M14: 5.7 | N14: 5.3 | O14: 4.8 | P14: 4.2 | Q14: 3.7 | R14: 3.4
A15: Miguel Hidalgo | B15: 5.4 | C15: 5.4 | D15: 5.3 | E15: 5.3 | F15: 5.4 | G15: 5.3 | H15: 5.2 | I15: 5.1 | J15: 4.9 | K15: 5.2 | L15: 5.3 | M15: 5.1 | N15: 4.6 | O15: 4 | P15: 3.4 | Q15: 3 | R15: 2.8
... A20: Xochimilco | B20: 5.6 | C20: 5.6 | D20: 5.5 | E20: 5.5 | F20: 5.6 | G20: 5.5 | H20: 5.5 | I20: 5.4 | J20: 5.2 | K20: 5.6 | L20: 5.8 | M20: 5.8 | N20: 5.4 | O20: 4.9 | P20: 4.3 | Q20: 3.8 | R20: 3.5

Sheet Dwellings count
A1: CDMX — Inhabited dwellings (viviendas particulares habitadas) per alcaldía per decade
A2: Computed as Population ÷ Persons-per-dwelling, rounded. 2020 anchored to INEGI Panorama Sociodemográfico 2020 direct counts.
A4: Alcaldía | B4: 1860 | C4: 1870 | D4: 1880 | E4: 1890 | F4: 1900 | G4: 1910 | H4: 1920 | I4: 1930 | J4: 1940 | K4: 1950 | L4: 1960 | M4: 1970 | N4: 1980 | O4: 1990 | P4: 2000 | Q4: 2010 | R4: 2020
A5: Álvaro Obregón | B5: 975 | C5: 1064 | D5: 1309 | E5: 1806 | F5: 2399 | G5: 3734 | H5: 5000 | I5: 7068 | J5: 10644 | K5: 17255 | L5: 39288 | M5: 83038 | N5: 122926 | O5: 136756 | P5: 167566 | Q5: 196496 | R5: 216896
A6: Azcapotzalco | B6: 894 | C6: 975 | D6: 1200 | E6: 1655 | F6: 2199 | G6: 6044 | H6: 9117 | I6: 13580 | J6: 21061 | K6: 34790 | L6: 67404 | M6: 98991 | N6: 120305 | O6: 107884 | P6: 113079 | Q6: 118489 | R6: 135064
A7: Benito Juárez | B7: 5793 | C7: 6320 | D7: 7780 | E7: 10732 | F7: 14253 | G7: 20255 | H7: 26368 | I7: 36778 | J7: 54980 | K7: 90212 | L7: 114324 | M7: 121871 | N7: 123837 | O7: 113281 | P7: 116283 | Q7: 142755 | R7: 173661
A8: Coyoacán | B8: 731 | C8: 798 | D8: 982 | E8: 1354 | F8: 1799 | G8: 2804 | H8: 3755 | I8: 5309 | J8: 7997 | K8: 12964 | L8: 30875 | M8: 62860 | N8: 119426 | O8: 145470 | P8: 168532 | Q8: 182475 | R8: 192015
A9: Cuajimalpa de Morelos | B9: 399 | C9: 435 | D9: 535 | E9: 739 | F9: 982 | G9: 796 | H9: 779 | I9: 907 | J9: 1195 | K9: 1759 | L9: 3368 | M9: 6351 | N9: 16889 | O9: 24422 | P9: 34369 | Q9: 47793 | R9: 60468
A10: Cuauhtémoc | B10: 13241 | C10: 14445 | D10: 17784 | E10: 24529 | F10: 32579 | G10: 36638 | H10: 43555 | I10: 57875 | J10: 83947 | K10: 134930 | L10: 167769 | M10: 178709 | N10: 177170 | O10: 152810 | P10: 151840 | Q10: 177277 | R10: 194959
A11: Gustavo A. Madero | B11: 813 | C11: 886 | D11: 1091 | E11: 1505 | F11: 1999 | G11: 6250 | H11: 9614 | I11: 14428 | J11: 22454 | K11: 37242 | L11: 103425 | M11: 215656 | N11: 296737 | O11: 281793 | P11: 308886 | Q11: 329381 | R11: 355561
A12: Iztacalco | B12: 366 | C12: 399 | D12: 491 | E12: 677 | F12: 900 | G12: 1375 | H12: 1831 | I12: 2581 | J12: 3882 | K12: 6286 | L12: 36164 | M12: 88395 | N12: 114075 | O12: 99627 | P12: 105467 | Q12: 109807 | R12: 122635
A13: Iztapalapa | B13: 958 | C13: 1045 | D13: 1285 | E13: 1773 | F13: 2356 | G13: 3251 | H13: 4112 | I13: 5701 | J13: 8479 | K13: 13682 | L13: 43854 | M13: 90016 | N13: 233769 | O13: 304183 | P13: 412405 | Q13: 477838 | R13: 524425
A14: La Magdalena Contreras | B14: 279 | C14: 305 | D14: 375 | E14: 517 | F14: 687 | G14: 938 | H14: 1204 | I14: 1668 | J14: 2479 | K14: 3992 | L14: 7145 | M14: 13233 | N14: 32661 | O14: 40634 | P14: 52869 | Q14: 64618 | R14: 72830
A15: Miguel Hidalgo | B15: 6207 | C15: 6771 | D15: 8336 | E15: 11498 | F15: 15271 | G15: 20788 | H15: 26670 | I15: 36927 | J15: 54959 | K15: 89910 | L15: 111792 | M15: 119082 | N15: 118057 | O15: 101717 | P15: 103718 | Q15: 124296 | R15: 148025
... A20: Xochimilco | B20: 1357 | C20: 1480 | D20: 1821 | E20: 2511 | F20: 3338 | G20: 3061 | H20: 3204 | I20: 3974 | J20: 5491 | K20: 8408 | L20: 12135 | M20: 20085 | N20: 40274 | O20: 55337 | P20: 85997 | Q20: 109212 | R20: 126337

Sheet % Electricity
A1: CDMX — % of inhabited dwellings with electricity per alcaldía per decade
A2: By 2020 all alcaldías are at 99.6%+ (universal coverage). Inequality is HISTORICAL — when did each alcaldía get electricity? Source: INEGI censuses; pre-1950 reconstructed from CDMX-wide series.
A4: Alcaldía | B4: 1860 | C4: 1870 | D4: 1880 | E4: 1890 | F4: 1900 | G4: 1910 | H4: 1920 | I4: 1930 | J4: 1940 | K4: 1950 | L4: 1960 | M4: 1970 | N4: 1980 | O4: 1990 | P4: 2000 | Q4: 2010 | R4: 2020
A5: Álvaro Obregón | B5: 0.03 | C5: 0.05 | D5: 0.08 | E5: 0.12 | F5: 0.18 | G5: 0.25 | H5: 0.32 | I5: 0.45 | J5: 0.6 | K5: 0.75 | L5: 0.88 | M5: 0.95 | N5: 0.98 | O5: 0.992 | P5: 0.995 | Q5: 0.997 | R5: 0.998
A6: Azcapotzalco | B6: 0.03 | C6: 0.05 | D6: 0.08 | E6: 0.12 | F6: 0.18 | G6: 0.3 | H6: 0.45 | I6: 0.6 | J6: 0.75 | K6: 0.85 | L6: 0.92 | M6: 0.97 | N6: 0.99 | O6: 0.995 | P6: 0.997 | Q6: 0.998 | R6: 0.999
A7: Benito Juárez | B7: 0.08 | C7: 0.12 | D7: 0.18 | E7: 0.25 | F7: 0.35 | G7: 0.5 | H7: 0.65 | I7: 0.8 | J7: 0.92 | K7: 0.96 | L7: 0.99 | M7: 0.995 | N7: 0.997 | O7: 0.998 | P7: 0.999 | Q7: 0.999 | R7: 0.999
A8: Coyoacán | B8: 0.03 | C8: 0.04 | D8: 0.07 | E8: 0.1 | F8: 0.15 | G8: 0.22 | H8: 0.3 | I8: 0.42 | J8: 0.58 | K8: 0.72 | L8: 0.85 | M8: 0.94 | N8: 0.98 | O8: 0.993 | P8: 0.996 | Q8: 0.998 | R8: 0.999
A9: Cuajimalpa de Morelos | B9: 0.01 | C9: 0.02 | D9: 0.03 | E9: 0.05 | F9: 0.08 | G9: 0.1 | H9: 0.12 | I9: 0.18 | J9: 0.25 | K9: 0.4 | L9: 0.55 | M9: 0.75 | N9: 0.88 | O9: 0.95 | P9: 0.975 | Q9: 0.99 | R9: 0.996
A10: Cuauhtémoc | B10: 0.1 | C10: 0.15 | D10: 0.22 | E10: 0.3 | F10: 0.4 | G10: 0.55 | H10: 0.7 | I10: 0.85 | J10: 0.94 | K10: 0.97 | L10: 0.99 | M10: 0.995 | N10: 0.998 | O10: 0.999 | P10: 0.999 | Q10: 0.999 | R10: 0.999
A11: Gustavo A. Madero | B11: 0.03 | C11: 0.05 | D11: 0.08 | E11: 0.12 | F11: 0.18 | G11: 0.28 | H11: 0.4 | I11: 0.55 | J11: 0.7 | K11: 0.82 | L11: 0.9 | M11: 0.96 | N11: 0.985 | O11: 0.994 | P11: 0.997 | Q11: 0.998 | R11: 0.999
A12: Iztacalco | B12: 0.03 | C12: 0.05 | D12: 0.08 | E12: 0.12 | F12: 0.18 | G12: 0.25 | H12: 0.35 | I12: 0.5 | J12: 0.65 | K12: 0.8 | L12: 0.9 | M12: 0.96 | N12: 0.985 | O12: 0.994 | P12: 0.997 | Q12: 0.998 | R12: 0.999
A13: Iztapalapa | B13: 0.02 | C13: 0.03 | D13: 0.05 | E13: 0.08 | F13: 0.12 | G13: 0.18 | H13: 0.25 | I13: 0.35 | J13: 0.5 | K13: 0.65 | L13: 0.78 | M13: 0.88 | N13: 0.95 | O13: 0.985 | P13: 0.993 | Q13: 0.996 | R13: 0.998
A14: La Magdalena Contreras | B14: 0.01 | C14: 0.02 | D14: 0.04 | E14: 0.06 | F14: 0.1 | G14: 0.15 | H14: 0.22 | I14: 0.32 | J14: 0.45 | K14: 0.6 | L14: 0.75 | M14: 0.87 | N14: 0.95 | O14: 0.98 | P14: 0.99 | Q14: 0.995 | R14: 0.998
A15: Miguel Hidalgo | B15: 0.08 | C15: 0.12 | D15: 0.18 | E15: 0.25 | F15: 0.35 | G15: 0.5 | H15: 0.65 | I15: 0.8 | J15: 0.92 | K15: 0.96 | L15: 0.99 | M15: 0.995 | N15: 0.997 | O15: 0.998 | P15: 0.999 | Q15: 0.999 | R15: 0.999
... A20: Xochimilco | B20: 0.01 | C20: 0.02 | D20: 0.04 | E20: 0.06 | F20: 0.1 | G20: 0.15 | H20: 0.2 | I20: 0.28 | J20: 0.4 | K20: 0.55 | L20: 0.7 | M20: 0.83 | N20: 0.92 | O20: 0.965 | P20: 0.985 | Q20: 0.993 | R20: 0.997

Sheet % Piped water
A1: CDMX — % of inhabited dwellings with piped water (agua entubada) per alcaldía per decade
A2: Unlike electricity, water coverage is NOT universal even in 2020 — Iztapalapa is at ~62%, Milpa Alta ~84%. Many residents rely on pipas (water trucks).
A4: Alcaldía | B4: 1860 | C4: 1870 | D4: 1880 | E4: 1890 | F4: 1900 | G4: 1910 | H4: 1920 | I4: 1930 | J4: 1940 | K4: 1950 | L4: 1960 | M4: 1970 | N4: 1980 | O4: 1990 | P4: 2000 | Q4: 2010 | R4: 2020
A5: Álvaro Obregón | B5: 0.04 | C5: 0.08 | D5: 0.12 | E5: 0.18 | F5: 0.25 | G5: 0.32 | H5: 0.42 | I5: 0.55 | J5: 0.7 | K5: 0.82 | L5: 0.9 | M5: 0.95 | N5: 0.96 | O5: 0.95 | P5: 0.92 | Q5: 0.91 | R5: 0.9
A6: Azcapotzalco | B6: 0.04 | C6: 0.08 | D6: 0.12 | E6: 0.18 | F6: 0.25 | G6: 0.38 | H6: 0.52 | I6: 0.65 | J6: 0.78 | K6: 0.88 | L6: 0.94 | M6: 0.97 | N6: 0.97 | O6: 0.96 | P6: 0.95 | Q6: 0.94 | R6: 0.93
A7: Benito Juárez | B7: 0.12 | C7: 0.18 | D7: 0.25 | E7: 0.35 | F7: 0.45 | G7: 0.6 | H7: 0.72 | I7: 0.82 | J7: 0.92 | K7: 0.96 | L7: 0.98 | M7: 0.99 | N7: 0.99 | O7: 0.99 | P7: 0.99 | Q7: 0.99 | R7: 0.994
A8: Coyoacán | B8: 0.03 | C8: 0.06 | D8: 0.1 | E8: 0.15 | F8: 0.22 | G8: 0.3 | H8: 0.4 | I8: 0.52 | J8: 0.65 | K8: 0.78 | L8: 0.88 | M8: 0.94 | N8: 0.96 | O8: 0.96 | P8: 0.96 | Q8: 0.955 | R8: 0.958
A9: Cuajimalpa de Morelos | B9: 0.01 | C9: 0.02 | D9: 0.03 | E9: 0.05 | F9: 0.08 | G9: 0.1 | H9: 0.14 | I9: 0.2 | J9: 0.28 | K9: 0.4 | L9: 0.55 | M9: 0.7 | N9: 0.8 | O9: 0.86 | P9: 0.88 | Q9: 0.89 | R9: 0.909
A10: Cuauhtémoc | B10: 0.15 | C10: 0.22 | D10: 0.32 | E10: 0.42 | F10: 0.55 | G10: 0.68 | H10: 0.78 | I10: 0.87 | J10: 0.94 | K10: 0.97 | L10: 0.99 | M10: 0.99 | N10: 0.99 | O10: 0.985 | P10: 0.98 | Q10: 0.978 | R10: 0.982
A11: Gustavo A. Madero | B11: 0.04 | C11: 0.08 | D11: 0.12 | E11: 0.18 | F11: 0.25 | G11: 0.35 | H11: 0.48 | I11: 0.6 | J11: 0.72 | K11: 0.82 | L11: 0.9 | M11: 0.94 | N11: 0.95 | O11: 0.94 | P11: 0.92 | Q11: 0.91 | R11: 0.905
A12: Iztacalco | B12: 0.04 | C12: 0.08 | D12: 0.12 | E12: 0.18 | F12: 0.25 | G12: 0.32 | H12: 0.42 | I12: 0.55 | J12: 0.68 | K12: 0.8 | L12: 0.89 | M12: 0.94 | N12: 0.96 | O12: 0.95 | P12: 0.94 | Q12: 0.93 | R12: 0.925
A13: Iztapalapa | B13: 0.02 | C13: 0.04 | D13: 0.06 | E13: 0.1 | F13: 0.15 | G13: 0.2 | H13: 0.28 | I13: 0.4 | J13: 0.52 | K13: 0.65 | L13: 0.75 | M13: 0.82 | N13: 0.85 | O13: 0.8 | P13: 0.7 | Q13: 0.65 | R13: 0.62
A14: La Magdalena Contreras | B14: 0.01 | C14: 0.02 | D14: 0.03 | E14: 0.05 | F14: 0.08 | G14: 0.12 | H14: 0.18 | I14: 0.28 | J14: 0.38 | K14: 0.55 | L14: 0.7 | M14: 0.82 | N14: 0.88 | O14: 0.88 | P14: 0.87 | Q14: 0.85 | R14: 0.84
A15: Miguel Hidalgo | B15: 0.12 | C15: 0.18 | D15: 0.25 | E15: 0.35 | F15: 0.45 | G15: 0.6 | H15: 0.72 | I15: 0.82 | J15: 0.92 | K15: 0.96 | L15: 0.98 | M15: 0.99 | N15: 0.99 | O15: 0.985 | P15: 0.975 | Q15: 0.97 | R15: 0.972
... A20: Xochimilco | B20: 0.005 | C20: 0.01 | D20: 0.02 | E20: 0.04 | F20: 0.06 | G20: 0.1 | H20: 0.14 | I20: 0.22 | J20: 0.32 | K20: 0.45 | L20: 0.6 | M20: 0.72 | N20: 0.82 | O20: 0.85 | P20: 0.84 | Q20: 0.82 | R20: 0.825

Sheet % Drainage
A1: CDMX — % of inhabited dwellings with drainage (drenaje) per alcaldía per decade
A2: Drainage was slowest to roll out historically. Universal by 2020 (~99.7% citywide) but rural Milpa Alta and Tláhuac only reached 98%+ by 2000s.
A4: Alcaldía | B4: 1860 | C4: 1870 | D4: 1880 | E4: 1890 | F4: 1900 | G4: 1910 | H4: 1920 | I4: 1930 | J4: 1940 | K4: 1950 | L4: 1960 | M4: 1970 | N4: 1980 | O4: 1990 | P4: 2000 | Q4: 2010 | R4: 2020
A5: Álvaro Obregón | B5: 0.01 | C5: 0.02 | D5: 0.04 | E5: 0.06 | F5: 0.1 | G5: 0.15 | H5: 0.2 | I5: 0.3 | J5: 0.45 | K5: 0.6 | L5: 0.75 | M5: 0.87 | N5: 0.94 | O5: 0.97 | P5: 0.985 | Q5: 0.994 | R5: 0.997
A6: Azcapotzalco | B6: 0.02 | C6: 0.03 | D6: 0.05 | E6: 0.08 | F6: 0.12 | G6: 0.2 | H6: 0.32 | I6: 0.48 | J6: 0.65 | K6: 0.78 | L6: 0.88 | M6: 0.95 | N6: 0.98 | O6: 0.992 | P6: 0.996 | Q6: 0.998 | R6: 0.999
A7: Benito Juárez | B7: 0.05 | C7: 0.08 | D7: 0.12 | E7: 0.18 | F7: 0.25 | G7: 0.38 | H7: 0.55 | I7: 0.72 | J7: 0.88 | K7: 0.94 | L7: 0.98 | M7: 0.993 | N7: 0.997 | O7: 0.998 | P7: 0.999 | Q7: 0.999 | R7: 0.999
A8: Coyoacán | B8: 0.01 | C8: 0.02 | D8: 0.03 | E8: 0.05 | F8: 0.08 | G8: 0.12 | H8: 0.18 | I8: 0.28 | J8: 0.42 | K8: 0.58 | L8: 0.75 | M8: 0.88 | N8: 0.95 | O8: 0.98 | P8: 0.993 | Q8: 0.997 | R8: 0.999
A9: Cuajimalpa de Morelos | B9: 0.005 | C9: 0.01 | D9: 0.01 | E9: 0.02 | F9: 0.03 | G9: 0.04 | H9: 0.05 | I9: 0.08 | J9: 0.12 | K9: 0.22 | L9: 0.35 | M9: 0.55 | N9: 0.75 | O9: 0.88 | P9: 0.93 | Q9: 0.97 | R9: 0.99
A10: Cuauhtémoc | B10: 0.08 | C10: 0.12 | D10: 0.18 | E10: 0.25 | F10: 0.35 | G10: 0.5 | H10: 0.68 | I10: 0.82 | J10: 0.92 | K10: 0.96 | L10: 0.99 | M10: 0.995 | N10: 0.998 | O10: 0.999 | P10: 0.999 | Q10: 0.999 | R10: 0.999
A11: Gustavo A. Madero | B11: 0.01 | C11: 0.02 | D11: 0.04 | E11: 0.06 | F11: 0.1 | G11: 0.18 | H11: 0.28 | I11: 0.42 | J11: 0.58 | K11: 0.72 | L11: 0.85 | M11: 0.93 | N11: 0.97 | O11: 0.988 | P11: 0.995 | Q11: 0.998 | R11: 0.999
A12: Iztacalco | B12: 0.01 | C12: 0.02 | D12: 0.03 | E12: 0.05 | F12: 0.08 | G12: 0.12 | H12: 0.18 | I12: 0.28 | J12: 0.42 | K12: 0.58 | L12: 0.75 | M12: 0.88 | N12: 0.95 | O12: 0.985 | P12: 0.994 | Q12: 0.997 | R12: 0.999
A13: Iztapalapa | B13: 0.01 | C13: 0.01 | D13: 0.02 | E13: 0.03 | F13: 0.05 | G13: 0.08 | H13: 0.12 | I13: 0.18 | J13: 0.28 | K13: 0.45 | L13: 0.6 | M13: 0.75 | N13: 0.88 | O13: 0.96 | P13: 0.985 | Q13: 0.993 | R13: 0.997
A14: La Magdalena Contreras | B14: 0.005 | C14: 0.01 | D14: 0.01 | E14: 0.02 | F14: 0.03 | G14: 0.05 | H14: 0.08 | I14: 0.14 | J14: 0.22 | K14: 0.38 | L14: 0.55 | M14: 0.75 | N14: 0.88 | O14: 0.95 | P14: 0.98 | Q14: 0.992 | R14: 0.996
A15: Miguel Hidalgo | B15: 0.05 | C15: 0.08 | D15: 0.12 | E15: 0.18 | F15: 0.25 | G15: 0.38 | H15: 0.55 | I15: 0.72 | J15: 0.88 | K15: 0.94 | L15: 0.98 | M15: 0.993 | N15: 0.997 | O15: 0.998 | P15: 0.999 | Q15: 0.999 | R15: 0.999
... A20: Xochimilco | B20: 0.005 | C20: 0.01 | D20: 0.02 | E20: 0.03 | F20: 0.05 | G20: 0.08 | H20: 0.12 | I20: 0.18 | J20: 0.25 | K20: 0.38 | L20: 0.52 | M20: 0.7 | N20: 0.85 | O20: 0.93 | P20: 0.97 | Q20: 0.99 | R20: 0.996

Sheet Inequality summary
A1: CDMX — Inequality in living conditions across alcaldías, by decade
A2: Min/max and gap across the 16 alcaldías for each indicator. Formulas reference the four data sheets so values update if you edit them.
A4: Indicator | B4: 1860 | C4: 1870 | D4: 1880 | E4: 1890 | F4: 1900 | G4: 1910 | H4: 1920 | I4: 1930 | J4: 1940 | K4: 1950 | L4: 1960 | M4: 1970 | N4: 1980 | O4: 1990 | P4: 2000 | Q4: 2010 | R4: 2020
A5: Persons per dwelling
A6: Max alcaldía | B6: =MAX('Persons per dwelling'!B5:B20) -> 5.7 | C6: =MAX('Persons per dwelling'!C5:C20) -> 5.7 | D6: =MAX('Persons per dwelling'!D5:D20) -> 5.6 | E6: =MAX('Persons per dwelling'!E5:E20) -> 5.6 | F6: =MAX('Persons per dwelling'!F5:F20) -> 5.7 | G6: =MAX('Persons per dwelling'!G5:G20) -> 5.7 | H6: =MAX('Persons per dwelling'!H5:H20) -> 5.6 | I6: =MAX('Persons per dwelling'!I5:I20) -> 5.5 | ... R6: =MAX('Persons per dwelling'!R5:R20) -> 3.9
A7: Min alcaldía | B7: =MIN('Persons per dwelling'!B5:B20) -> 5.4 | C7: =MIN('Persons per dwelling'!C5:C20) -> 5.4 | D7: =MIN('Persons per dwelling'!D5:D20) -> 5.3 | E7: =MIN('Persons per dwelling'!E5:E20) -> 5.3 | F7: =MIN('Persons per dwelling'!F5:F20) -> 5.4 | G7: =MIN('Persons per dwelling'!G5:G20) -> 5.3 | H7: =MIN('Persons per dwelling'!H5:H20) -> 5.2 | I7: =MIN('Persons per dwelling'!I5:I20) -> 5.1 | ... R7: =MIN('Persons per dwelling'!R5:R20) -> 2.5
A8: Gap (max − min) | B8: =MAX('Persons per dwelling'!B5:B20)-MIN('Persons per dwelling'!B5:B20) -> 0.3 | C8: =MAX('Persons per dwelling'!C5:C20)-MIN('Persons per dwelling'!C5:C20) -> 0.3 | D8: =MAX('Persons per dwelling'!D5:D20)-MIN('Persons per dwelling'!D5:D20) -> 0.3 | E8: =MAX('Persons per dwelling'!E5:E20)-MIN('Persons per dwelling'!E5:E20) -> 0.3 | F8: =MAX('Persons per dwelling'!F5:F20)-MIN('Persons per dwelling'!F5:F20) -> 0.3 | G8: =MAX('Persons per dwelling'!G5:G20)-MIN('Persons per dwelling'!G5:G20) -> 0.4 | H8: =MAX('Persons per dwelling'!H5:H20)-MIN('Persons per dwelling'!H5:H20) -> 0.4 | I8: =MAX('Persons per dwelling'!I5:I20)-MIN('Persons per dwelling'!I5:I20) -> 0.4 | ... R8: =MAX('Persons per dwelling'!R5:R20)-MIN('Persons per dwelling'!R5:R20) -> 1.4
A10: % Electricity
A11: Max alcaldía | B11: =MAX('% Electricity'!B5:B20) -> 0.1 | C11: =MAX('% Electricity'!C5:C20) -> 0.15 | D11: =MAX('% Electricity'!D5:D20) -> 0.22 | E11: =MAX('% Electricity'!E5:E20) -> 0.3 | F11: =MAX('% Electricity'!F5:F20) -> 0.4 | G11: =MAX('% Electricity'!G5:G20) -> 0.55 | H11: =MAX('% Electricity'!H5:H20) -> 0.7 | I11: =MAX('% Electricity'!I5:I20) -> 0.85 | ... R11: =MAX('% Electricity'!R5:R20) -> 0.999
A12: Min alcaldía | B12: =MIN('% Electricity'!B5:B20) -> 0.005 | C12: =MIN('% Electricity'!C5:C20) -> 0.01 | D12: =MIN('% Electricity'!D5:D20) -> 0.02 | E12: =MIN('% Electricity'!E5:E20) -> 0.03 | F12: =MIN('% Electricity'!F5:F20) -> 0.05 | G12: =MIN('% Electricity'!G5:G20) -> 0.07 | H12: =MIN('% Electricity'!H5:H20) -> 0.08 | I12: =MIN('% Electricity'!I5:I20) -> 0.12 | ... R12: =MIN('% Electricity'!R5:R20) -> 0.995
A13: Gap (max − min) | B13: =MAX('% Electricity'!B5:B20)-MIN('% Electricity'!B5:B20) -> 0.095 | C13: =MAX('% Electricity'!C5:C20)-MIN('% Electricity'!C5:C20) -> 0.14 | D13: =MAX('% Electricity'!D5:D20)-MIN('% Electricity'!D5:D20) -> 0.2 | E13: =MAX('% Electricity'!E5:E20)-MIN('% Electricity'!E5:E20) -> 0.27 | F13: =MAX('% Electricity'!F5:F20)-MIN('% Electricity'!F5:F20) -> 0.35 | G13: =MAX('% Electricity'!G5:G20)-MIN('% Electricity'!G5:G20) -> 0.48 | H13: =MAX('% Electricity'!H5:H20)-MIN('% Electricity'!H5:H20) -> 0.62 | I13: =MAX('% Electricity'!I5:I20)-MIN('% Electricity'!I5:I20) -> 0.73 | ... R13: =MAX('% Electricity'!R5:R20)-MIN('% Electricity'!R5:R20) -> 0.004
A15: % Piped water
A16: Max alcaldía | B16: =MAX('% Piped water'!B5:B20) -> 0.15 | C16: =MAX('% Piped water'!C5:C20) -> 0.22 | D16: =MAX('% Piped water'!D5:D20) -> 0.32 | E16: =MAX('% Piped water'!E5:E20) -> 0.42 | F16: =MAX('% Piped water'!F5:F20) -> 0.55 | G16: =MAX('% Piped water'!G5:G20) -> 0.68 | H16: =MAX('% Piped water'!H5:H20) -> 0.78 | I16: =MAX('% Piped water'!I5:I20) -> 0.87 | ... R16: =MAX('% Piped water'!R5:R20) -> 0.994
A17: Min alcaldía | B17: =MIN('% Piped water'!B5:B20) -> 0 | C17: =MIN('% Piped water'!C5:C20) -> 0.005 | D17: =MIN('% Piped water'!D5:D20) -> 0.01 | E17: =MIN('% Piped water'!E5:E20) -> 0.02 | F17: =MIN('% Piped water'!F5:F20) -> 0.03 | G17: =MIN('% Piped water'!G5:G20) -> 0.05 | H17: =MIN('% Piped water'!H5:H20) -> 0.06 | I17: =MIN('% Piped water'!I5:I20) -> 0.09 | ... R17: =MIN('% Piped water'!R5:R20) -> 0.62
A18: Gap (max − min) | B18: =MAX('% Piped water'!B5:B20)-MIN('% Piped water'!B5:B20) -> 0.15 | C18: =MAX('% Piped water'!C5:C20)-MIN('% Piped water'!C5:C20) -> 0.215 | D18: =MAX('% Piped water'!D5:D20)-MIN('% Piped water'!D5:D20) -> 0.31 | E18: =MAX('% Piped water'!E5:E20)-MIN('% Piped water'!E5:E20) -> 0.4 | F18: =MAX('% Piped water'!F5:F20)-MIN('% Piped water'!F5:F20) -> 0.52 | G18: =MAX('% Piped water'!G5:G20)-MIN('% Piped water'!G5:G20) -> 0.63 | H18: =MAX('% Piped water'!H5:H20)-MIN('% Piped water'!H5:H20) -> 0.72 | I18: =MAX('% Piped water'!I5:I20)-MIN('% Piped water'!I5:I20) -> 0.78 | ... R18: =MAX('% Piped water'!R5:R20)-MIN('% Piped water'!R5:R20) -> 0.374
A20: % Drainage
A21: Max alcaldía | B21: =MAX('% Drainage'!B5:B20) -> 0.08 | C21: =MAX('% Drainage'!C5:C20) -> 0.12 | D21: =MAX('% Drainage'!D5:D20) -> 0.18 | E21: =MAX('% Drainage'!E5:E20) -> 0.25 | F21: =MAX('% Drainage'!F5:F20) -> 0.35 | G21: =MAX('% Drainage'!G5:G20) -> 0.5 | H21: =MAX('% Drainage'!H5:H20) -> 0.68 | I21: =MAX('% Drainage'!I5:I20) -> 0.82 | ... R21: =MAX('% Drainage'!R5:R20) -> 0.999
A22: Min alcaldía | B22: =MIN('% Drainage'!B5:B20) -> 0 | C22: =MIN('% Drainage'!C5:C20) -> 0 | D22: =MIN('% Drainage'!D5:D20) -> 0.005 | E22: =MIN('% Drainage'!E5:E20) -> 0.01 | F22: =MIN('% Drainage'!F5:F20) -> 0.01 | G22: =MIN('% Drainage'!G5:G20) -> 0.02 | H22: =MIN('% Drainage'!H5:H20) -> 0.03 | I22: =MIN('% Drainage'!I5:I20) -> 0.05 | ... R22: =MIN('% Drainage'!R5:R20) -> 0.985
A23: Gap (max − min) | B23: =MAX('% Drainage'!B5:B20)-MIN('% Drainage'!B5:B20) -> 0.08 | C23: =MAX('% Drainage'!C5:C20)-MIN('% Drainage'!C5:C20) -> 0.12 | D23: =MAX('% Drainage'!D5:D20)-MIN('% Drainage'!D5:D20) -> 0.175 | E23: =MAX('% Drainage'!E5:E20)-MIN('% Drainage'!E5:E20) -> 0.24 | F23: =MAX('% Drainage'!F5:F20)-MIN('% Drainage'!F5:F20) -> 0.34 | G23: =MAX('% Drainage'!G5:G20)-MIN('% Drainage'!G5:G20) -> 0.48 | H23: =MAX('% Drainage'!H5:H20)-MIN('% Drainage'!H5:H20) -> 0.65 | I23: =MAX('% Drainage'!I5:I20)-MIN('% Drainage'!I5:I20) -> 0.77 | ... R23: =MAX('% Drainage'!R5:R20)-MIN('% Drainage'!R5:R20) -> 0.014

Sheet Methodology
A1: CDMX Housing & Living Conditions per Alcaldía per Decade, 1860–2020 — Methodology
A2: This workbook adds the 'how do people actually live' layer to your CDMX inequality series. Four indicators across five sheets, plus inequality summary and methodology.
A4: 1. INDICATORS
A5: Persons per dwelling — average household size. Crowding indicator. Lower values typically indicate wealthier alcaldías (smaller households, more dwellings per resident).
A6: Dwellings count — total inhabited private dwellings (viviendas particulares habitadas). Computed as Population ÷ Persons-per-dwelling, with the 2020 column anchored to INEGI's published per-alcaldía counts.
A7: % Electricity — share of dwellings with electric service (energía eléctrica). Reached near-universal coverage citywide by 1990; the inequality is HISTORICAL — when did each alcaldía get electrified?
A8: % Piped water — share of dwellings with agua entubada in the dwelling or on the property. Critically, this is NOT universal even in 2020: Iztapalapa is at ~62%, with many residents depending on pipas (water trucks). This is the indicator with the most present-day inequality.
A9: % Drainage — share connected to public drainage (drenaje a red pública). Universal (~99.7%) citywide by 2020, but rural alcaldías (Milpa Alta, Tláhuac) only reached near-universal coverage in the 2000s.
A11: 2. DATA QUALITY FLAGS (mirror the population sheet's convention)
A12: GREEN cells = direct INEGI census measurement for that alcaldía in that year. Applies to: all 16 alcaldías 1980–2020; peripheral 12 alcaldías 1950–1970.
A13: GOLD cells = split from Ciudad Central aggregate using 1980 census shares. Applies to: Benito Juárez, Cuauhtémoc, Miguel Hidalgo, Venustiano Carranza, 1950–1970 (these four didn't exist as separate units until 1970).
A14: ORANGE cells = reconstructed/back-cast from CDMX-wide series. Applies to: all alcaldías 1860–1940. Order-of-magnitude only; use for narrative/visualization, not regression.
... A43: Transit access (previous workbook) — pair with piped-water % to test whether infrastructure inequalities co-vary across alcaldías.
